Henri,Denis,Henri.Denis@yaho.com,0428590046
Jean,Roger,Jean.Roger@hotmil.com,0331954911
David,Marin,David.Marin@yaho.com,"+33 5 90 80 80 63"
Richard,Vallet,Richard.Vallet@yaho.com,0541460709
Jeanne,Clerc,Jeanne.Clerc@yaho.com,0899598420
Aimé,Parent,Aimé.Parent@yaho.com,"+33 (0)2 09 40 47 75"
Richard,Huet,Richard.Huet@yaho.com,"01 07 90 10 21"
Michelle,Neveu,Michelle.Neveu@yaho.com,"+33 (0)1 73 36 77 54"
René,Bonnet,René.Bonnet@yaho.com,"+33 4 34 08 05 17"
Bertrand,Lejeune,Bertrand.Lejeune@yaho.com,"+33 (0)3 11 75 89 12"
Pauline,Diaz,Pauline.Diaz@yaho.com,0400705033
Adèle,Blot,Adèle.Blot@yaho.com,"+33 4 32 12 69 00"
Hugues,Pierre,Hugues.Pierre@yaho.com,0926924602
Patricia,"De Sousa","Patricia.De Sousa@yaho.com","+33 (0)5 58 41 07 55"
Margaret,Reynaud,Margaret.Reynaud@yaho.com,"+33 (0)9 16 32 86 22"
Élisabeth,Collet,Élisabeth.Collet@yaho.com,0931864494
Bernadette,Marie,Bernadette.Marie@hotmil.com,"+33 9 55 49 19 39"
Lorraine,"De Oliveira","Lorraine.De Oliveira@yaho.com","04 80 98 10 57"
Alfred,Laine,Alfred.Laine@yaho.com,"+33 (0)4 66 29 16 20"
Vincent,Rousset,Vincent.Rousset@yaho.com,0405738057
Antoine,Garcia,Antoine.Garcia@yaho.com,"+33 (0)6 25 60 25 37"
Alice,Thomas,Alice.Thomas@yaho.com,"09 47 24 99 80"
Isaac,Vidal,Isaac.Vidal@yaho.com,0975186648
Louise,Lambert,Louise.Lambert@yaho.com,"02 61 51 95 82"
Lucas,Barthelemy,Lucas.Barthelemy@yaho.com,"+33 4 51 79 95 85"
Mathilde,Lefebvre,Mathilde.Lefebvre@yaho.com,"09 30 12 31 89"
Valérie,Seguin,Valérie.Seguin@yaho.com,"+33 (0)9 22 60 25 35"
Alex,Daniel,Alex.Daniel@yaho.com,"05 52 49 26 25"
Laetitia,Prevost,Laetitia.Prevost@yaho.com,"+33 1 11 23 69 40"
Gérard,"Dos Santos","Gérard.Dos Santos@hotmil.com","05 47 88 76 36"
Dominique,Briand,Dominique.Briand@yaho.com,"04 47 41 50 42"
Jeanne,Boulay,Jeanne.Boulay@yaho.com,"+33 2 76 65 27 36"
Denis,Breton,Denis.Breton@yaho.com,"05 44 79 05 89"
Rémy,Dufour,Rémy.Dufour@yaho.com,"+33 (0)1 55 17 55 57"
Roger,Parent,Roger.Parent@yaho.com,"+33 (0)2 55 08 32 16"
Agnès,Blin,Agnès.Blin@yaho.com,"+33 6 48 53 89 79"
Nath,Vidal,Nath.Vidal@hotmil.com,0891823703
Augustin,Barbier,Augustin.Barbier@yaho.com,"+33 (0)9 86 36 13 45"
Gilles,Roche,Gilles.Roche@yaho.com,0323476451
Laurence,Pichon,Laurence.Pichon@yaho.com,"+33 1 78 86 49 84"
Benjamin,Dupre,Benjamin.Dupre@yaho.com,"+33 2 20 68 43 61"
Agathe,Denis,Agathe.Denis@yaho.com,"01 34 63 56 39"
Michel,Pottier,Michel.Pottier@yaho.com,"01 18 88 91 34"
Agathe,Chauvin,Agathe.Chauvin@yaho.com,"+33 (0)2 61 27 99 11"
Sébastien,Auger,Sébastien.Auger@yaho.com,"+33 8 04 83 60 64"
Sabine,Delannoy,Sabine.Delannoy@yaho.com,0742293037
Lorraine,Moreau,Lorraine.Moreau@hotmil.com,"06 79 93 44 52"
Valentine,Jacquot,Valentine.Jacquot@yaho.com,0189538713
Élise,Texier,Élise.Texier@yaho.com,"+33 (0)7 67 00 80 26"
Emmanuel,Potier,Emmanuel.Potier@yaho.com,"02 40 43 35 63"
Thomas,Duhamel,Thomas.Duhamel@yaho.com,"03 27 17 31 14"
Grégoire,Tessier,Grégoire.Tessier@yaho.com,0909225422
Anne,Bouchet,Anne.Bouchet@yaho.com,"04 28 19 48 98"
Benoît,Rodriguez,Benoît.Rodriguez@yaho.com,"+33 (0)4 12 70 02 96"
Nathalie,Muller,Nathalie.Muller@yaho.com,"08 95 32 67 62"
Valérie,Vallee,Valérie.Vallee@yaho.com,"09 80 70 47 66"
Maggie,Besnard,Maggie.Besnard@yaho.com,"05 59 18 33 83"
Jules,Traore,Jules.Traore@yaho.com,"08 07 46 87 28"
Christophe,Nicolas,Christophe.Nicolas@yaho.com,"+33 (0)2 99 15 34 47"
Margaret,Picard,Margaret.Picard@yaho.com,"07 32 76 91 41"
Stéphanie,Jacob,Stéphanie.Jacob@yaho.com,0573987285
Michel,Coulon,Michel.Coulon@yaho.com,"01 99 74 02 01"
Adrienne,Guillet,Adrienne.Guillet@yaho.com,"03 22 07 62 48"
Alexandria,Leveque,Alexandria.Leveque@yaho.com,"+33 4 10 28 98 86"
Colette,Fontaine,Colette.Fontaine@yaho.com,"+33 7 70 91 52 20"
Éléonore,Legros,Éléonore.Legros@yaho.com,"+33 4 10 58 83 71"
Maurice,Mary,Maurice.Mary@yaho.com,0560934822
Camille,Becker,Camille.Becker@hotmil.com,"04 66 33 14 31"
Hélène,Regnier,Hélène.Regnier@yaho.com,"+33 3 76 76 34 45"
Alex,Perret,Alex.Perret@yaho.com,0530554558
Odette,Renard,Odette.Renard@yaho.com,"+33 (0)6 36 75 96 14"
Christine,Duhamel,Christine.Duhamel@yaho.com,"+33 1 76 39 71 42"
Laurence,Dijoux,Laurence.Dijoux@hotmil.com,"02 38 39 51 23"
André,Dupre,André.Dupre@hotmil.com,"+33 1 42 69 24 57"
Valentine,Marchal,Valentine.Marchal@yaho.com,"+33 (0)1 71 85 74 56"
Xavier,Blanchard,Xavier.Blanchard@yaho.com,"05 77 48 04 70"
Christelle,Lucas,Christelle.Lucas@yaho.com,"+33 6 53 99 55 22"
Nicole,Renault,Nicole.Renault@yaho.com,"09 73 37 55 08"
Luc,Laurent,Luc.Laurent@yaho.com,0257260539
Diane,Voisin,Diane.Voisin@yaho.com,"+33 4 48 02 87 82"
Nicolas,Ledoux,Nicolas.Ledoux@yaho.com,"02 18 20 38 34"
Margaux,Pages,Margaux.Pages@yaho.com,"+33 (0)1 95 12 25 47"
Lucy,Muller,Lucy.Muller@yaho.com,"+33 1 48 15 67 11"
Élisabeth,Bourgeois,Élisabeth.Bourgeois@yaho.com,"06 75 43 57 05"
William,"Da Silva","William.Da Silva@hotmil.com",0932132761
Henriette,Peltier,Henriette.Peltier@yaho.com,"+33 8 13 28 15 74"
Laurent,Pichon,Laurent.Pichon@yaho.com,"02 99 31 52 97"
Aurore,Jourdan,Aurore.Jourdan@hotmil.com,"+33 (0)9 21 39 77 72"
Margot,Bodin,Margot.Bodin@yaho.com,0734461447
Nath,Barbier,Nath.Barbier@yaho.com,0917566597
Christelle,Robert,Christelle.Robert@hotmil.com,"+33 (0)2 64 72 81 52"
Marcelle,Barbe,Marcelle.Barbe@yaho.com,"06 08 99 26 64"
Julien,Pires,Julien.Pires@yaho.com,0635284608
Gilbert,Marion,Gilbert.Marion@yaho.com,"03 74 44 48 99"
Céline,Hardy,Céline.Hardy@yaho.com,"+33 (0)1 90 20 04 11"
Stéphanie,Mahe,Stéphanie.Mahe@yaho.com,0137558792
Françoise,Riou,Françoise.Riou@yaho.com,"+33 1 33 80 40 98"
Olivie,Prevost,Olivie.Prevost@yaho.com,"01 80 39 86 23"
Stéphane,Thibault,Stéphane.Thibault@yaho.com,"+33 7 47 10 58 76"
